"","pf_rol","pf_ss","pf_movement","pf_religion","pf_association","pf_expression","pf_identity","ef_government","ef_legal","ef_money","ef_trade","ef_regulation"
"Albania",0.11297130871186,0.516573675052531,-0.362023083435443,1.03472516162477,1.14199962920249,0.567519355102235,-0.235117606749291,1.18576035083146,-0.0930844946929614,0.938434818000702,1.01424319548277,-0.106319647363684
"Algeria",-0.789592074364595,-0.0191418081653142,-0.966638955069109,-1.47838563261192,-0.771918131700293,-0.190747163679951,-1.98850882433882,-2.3410591369617,-0.341759226055549,-0.707550403076079,-2.45034693199517,-1.69724144253763
"Angola",-1.01505251344232,0.159200490637876,-0.966638955069109,0.794567394527207,-1.15470168388085,-0.764968411267287,0.169511135746468,0.0107376336150039,-1.46881473777286,-1.88654628492488,-1.48608904100482,-1.45489107521123
"Argentina",0.390719406266238,0.680585174319337,0.847208659469119,0.208415910004525,0.1850407487511,0.648499274625854,0.978768620737987,-0.92889305595636,-0.855142714023295,-1.88101333855878,-2.57279607899462,-1.60008453801603
"Armenia",-0.0639298344401234,0.533242767330118,-0.362023083435443,-0.722633681604469,-0.197742803429457,-0.330621569961186,0.331362632744772,0.424459392280234,0.388120077331837,0.915734036450833,0.953510572418838,0.351331443726707
"Australia",1.63617815336404,1.26591062186846,0.847208659469119,0.965701715604632,1.14199962920249,1.05339887224395,0.735991375240531,0.0495218039485176,1.76491075607562,0.866063354766686,0.430992314180298,1.40759262123808
"Austria",1.87863180024351,1.29306798785066,0.847208659469119,0.284889505381938,1.14199962920249,1.01658981763395,0.978768620737987,-1.14102022410797,1.7629323723537,0.851956169837932,0.922568646679382,0.344790138363384
"Azerbaijan",-0.512913323776146,0.418769073168572,-0.966638955069109,-1.17292949476449,-1.53748523606141,-1.84339415457677,-0.235117606749291,-1.06821487970762,0.28600444531564,-0.521754408935777,0.168092071637102,-0.13742263672333
"Bahamas",0.792897562552798,-2.1565068734539,0.847208659469119,0.292997021415801,0.167638583953201,0.74604326841478,0.978768620737987,1.46821872622959,0.942080168196645,-0.967921854171747,-0.281625987217582,1.11969420592895
"Bahrain",0.486082145737625,-0.0450625686188126,-0.362023083435443,0.0105486983167861,-0.771918131700293,-2.20052152930804,-1.1792513393473,1.49764618196204,0.0333753198996323,0.831575079457086,0.326477210050048,0.387967019378789
"Bangladesh",-1.21057593977587,-0.339690605411686,-0.966638955069109,-0.893548880850785,-0.00635102733917836,-0.4003587554098,-1.85363257673233,1.68353691038978,-1.29221408877675,-0.900992735835829,-0.829577788809745,-0.31689809188926
"Barbados",0.975899353169517,-0.17735366517467,0.847208659469119,0.621680096434387,0.264236546990297,0.887758127735712,-0.639746349245051,-0.0818067989725009,0.353865531959305,-1.31539677346972,0.0607747290781472,-0.477490758204696
"Belarus",0.0131459738313786,0.784738907554257,-1.57125482670277,-1.35501991863835,-1.72887701215169,-1.16250619734499,0.331362632744772,0.226948008594949,0.203275154936221,-2.08253067852931,0.133525126842307,-0.620781612443219
"Belgium",1.6207421977264,0.894496771877562,0.847208659469119,0.406940487185592,1.14199962920249,1.27425319804881,0.735991375240531,-2.129867352492,1.20864962960172,0.812259566920905,1.00265074531123,1.05513036917088
"Belize",-0.51413283724916,-0.986200377789557,0.847208659469119,0.953321319722727,0.158576562311043,0.514146226226924,0.978768620737987,0.434802987672037,-0.0502866626628954,-0.742884808120658,0.0273260031599653,0.842620692460889
"Benin",-0.599590899495355,-0.0280561085768682,-0.362023083435443,1.16532190312451,0.950607853112215,0.803097302751092,0.978768620737987,-0.245772277883464,-0.90817629173443,-0.879329118076527,-0.840448806655138,-0.155829870806369
"Bhutan",0.501553651880691,0.546499359620821,-0.966638955069109,-0.109968428894214,-0.159092070630087,-0.27172708320357,-1.04437509174081,0.798726341442465,1.08105112728653,-1.0890161370212,-0.581111769526757,0.665456851129321
"Bolivia",-1.26053598704538,0.257427421729024,0.847208659469119,0.582457249618244,-0.197742803429457,0.449730381587002,0.978768620737987,-0.261916933041362,-1.03204415387311,0.818654071066073,-0.026400798813397,-1.98253717749223
"Bosnia and Herzegovina",0.2223005915134,0.610843879931592,-0.362023083435443,0.633950931400737,0.950607853112215,0.59696659879024,0.735991375240531,-0.918624870049343,-0.70447948755332,0.0525520943107627,0.649702000027653,0.385855554268655
"Botswana",0.327506801038391,-0.638686843265152,0.242592787835453,0.925711941196347,-0.05368816470219,0.0761184800782144,-0.882523594742507,0.17843356975274,0.480328796679778,0.582812413466709,0.56049836281046,0.731802634144548
"Brazil",-0.279446580062038,-1.37637768815702,0.847208659469119,-0.0188136560417291,-0.197742803429457,0.403081341202146,0.169511135746468,-1.10919219758674,-0.417174570964116,-0.193544644883503,-0.0151722341375979,-2.83919749492737
"Brunei Darussalam",0.647348853812167,-1.03235311512625,-0.0597151477999953,-4.40388412536241,-2.30305234042252,-1.93549633797118,-1.71875632912584,-1.21149070653107,0.0914777723707721,0.397209036552968,0.0310623247375279,1.38578999216468
"Bulgaria",-0.132492188998021,1.24673771665704,0.847208659469119,-0.180306607084266,0.950607853112215,0.70003195046147,0.735991375240531,0.440859728243811,-0.250093943939114,0.856621864878368,0.935809065932543,0.579278469345268
"Burkina Faso",-0.151373315196799,0.17801360033126,0.242592787835453,0.340327384265807,0.1850407487511,0.0301071621249037,0.978768620737987,-0.880381140481466,-0.996341413571323,-0.80235442849365,-0.350916909422381,0.399396741214278
"Burundi",-1.31567123751141,-0.873821889432375,-2.17587069797367,0.0147120178409022,-2.11166056433224,-2.77474277689537,-0.369993854355779,-0.300594976588615,-1.12174508574598,-0.470234275794946,-0.769066316431427,-0.723124558261475
"Cambodia",-1.5576703961896,1.06478897958983,0.847208659469119,0.490425988849692,0.1850407487511,0.125810703492525,0.43926363063574,1.15497621523656,-0.611163073555122,0.762995362237124,0.25922495144278,0.0438724778634786
"Cameroon",-1.27554632367226,-0.888201150190429,-1.57125482670277,0.265825887143269,-0.580526355610015,-0.427205812389197,-0.639746349245051,0.512914803678469,-1.31485731719726,-0.730359929576861,-1.66405601847279,-0.472362484768006
"Canada",1.61290891143525,1.18753105134607,0.847208659469119,0.92297291594096,1.14199962920249,1.12701698084557,0.735991375240531,-0.375217944113896,1.73679908736652,0.957082598834192,0.772145787257143,1.45544403078128
"Cape Verde",0.375877046038017,-0.258620232490177,0.847208659469119,0.393245359133771,0.371296743185487,0.771809606641783,0.978768620737987,-1.11287482924497,0.528589727728015,-0.083521390051859,0.154698660784419,-0.090862222389985
"Central Afr. Rep.",-1.75867292316448,-2.59554174757397,-0.966638955069109,0.500067358884581,0.567824300931658,0.192067001172143,0.43926363063574,0.479540432351166,-2.19147211628378,-1.22305463331108,-2.00375709813489,-1.55328045820051
"Chad",-1.3531406707685,-1.26843239429977,0.242592787835453,0.423155519253319,-0.197742803429457,-0.102405433234331,-1.71875632912584,1.01753604607664,-1.66484823302332,-1.0853349560321,-1.60770808388424,-2.0037975284338
"Chile",0.863593808196062,0.638018042854799,0.847208659469119,1.0781113273734,1.14199962920249,0.906162655040715,-0.639746349245051,1.1406007125023,0.786789926743033,0.779370531913641,1.05972456005527,0.0795788179458503
"China",-0.246864274852088,-0.380931392947635,-1.57125482670277,-2.23479495029596,-2.11166056433224,-1.55494627979274,0.735991375240531,-1.17963367680157,0.284390699063942,0.214677617542616,-0.262170101909231,-0.639412837095505
"Colombia",-0.419657285417972,-1.83876972375318,0.242592787835453,0.767396260254674,1.14199962920249,0.471815813734614,0.978768620737987,0.3068726631279,-0.910542132582658,-0.192181376501102,-0.175783712002198,0.0272916013746801
"Congo, Dem. R.",-1.53485164519898,-1.28204087973093,-2.17587069797367,0.630554539468763,-0.792107366508633,-0.609791424039386,-0.639746349245051,0.529322282649783,-1.68718399090242,-0.641838388222273,-1.27848838865725,-1.23121164854792
"Congo, Rep. Of",-0.977937871004507,-0.510002979143301,-0.362023083435443,1.12785203273213,0.567824300931658,-0.455772355016812,0.709016125848715,-0.530934996663948,-1.28529578559468,-1.88843699043895,-1.8094459437184,-1.4231468192854
"Costa Rica",0.931506443195697,0.239814428578122,0.847208659469119,0.379550231081951,0.950607853112215,1.17854965668118,-0.0328032355014116,0.919207037272956,0.44159132337403,1.10024524225558,0.835128534811361,-0.550957878673929
"Cote d'Ivoire",-0.658277133349208,-1.09616491379279,-0.362023083435443,1.18372815527822,0.950607853112215,0.59696659879024,0.978768620737987,-0.53909443717062,-0.424382448005732,-0.763091512791314,-1.30350210116165,-0.0716548907222098
"Croatia",0.363588805118449,1.25660921168745,0.847208659469119,0.359610124335585,0.759216077021937,0.567519355102235,0.978768620737987,-1.46963564163933,0.172861667536241,0.639741030828074,0.991563058510707,0.263473968973646
"Cyprus",0.748088772298928,1.13337751131276,0.847208659469119,-0.168254894540655,0.567824300931658,1.09020792623556,0.978768620737987,0.678161423940555,0.471607867916877,0.892720826272496,1.07200767811747,0.516135725439112
"Czech Rep.",1.64256239499719,1.29616775759959,0.847208659469119,0.189790535428075,0.950607853112215,1.13437879176757,0.735991375240531,-0.582616045081418,0.711424055637185,0.818952390721029,1.03091133255645,1.04192917474461
"Denmark",2.19458235002037,1.25496910671495,0.847208659469119,0.152978031120655,0.950607853112215,1.2374441434388,0.978768620737987,-1.91856480852964,1.86835101206113,1.16026759113126,1.22325063489125,1.2668128447826
"Dominican Rep.",-0.463111761244664,-0.183997865434203,-0.362023083435443,0.617297655670791,0.1850407487511,0.729479194149473,0.169511135746468,1.10213811879284,-0.772877224719595,0.881923730492031,0.785810362297249,-0.387058335050046
"Ecuador",-0.520325619176018,0.684373723274925,0.847208659469119,0.21301747319086,-0.197742803429457,0.155257946562137,0.978768620737987,-0.666853465905241,-0.916572433407132,0.00881330233229723,-0.439505375736383,-0.942396749064061
"Egypt",-0.908172552378518,-1.58912267738834,-2.17587069797367,-2.19513385922597,-1.34609345997113,-0.760195532317445,-2.25826131922809,-0.34028669516769,-0.829049814522021,-0.066428786265279,-1.18717152228883,-2.13441958618365
"El Salvador",-0.461268431949654,-1.10323102756665,0.847208659469119,0.973370987384647,0.376432524841379,-0.146576298766336,0.169511135746468,1.58875427059268,-1.06902718070551,1.12074368983703,0.5595128160386,-0.750542688776762
"Estonia",1.65138662242904,1.0554567056178,0.847208659469119,0.524170784563432,0.950607853112215,1.19327327852519,0.735991375240531,-0.489820836330337,1.4533638053623,0.775972215338086,1.20019792017159,1.15089801853291
"Ethiopia",-1.10661020054054,-0.963867461068295,-0.362023083435443,-1.11902547047328,-2.11166056433224,-1.50666654744632,-0.100241359142804,0.0716449948903897,-0.372023906379585,-1.79609496980543,-1.66260771692544,-0.360648731285702
"Fiji",-0.248710821576047,0.557871048077839,0.242592787835453,1.04075101789657,0.296891785031971,-0.01406370278871,0.978768620737987,-0.403680741020456,0.560329486831925,-1.28522790246309,-0.358357578718915,1.76928321365823
"Finland",2.16524507265342,1.22167463591611,0.847208659469119,0.270865693991823,1.14199962920249,1.22272052221319,0.735991375240531,-1.90473898257536,2.33862419160701,0.800224943893904,1.02952176218863,0.681437341666831
"France",1.02002701408286,1.13987117879276,0.847208659469119,-0.112378771402936,1.14199962920249,0.96505714179833,0.978768620737987,-1.84840989564645,1.114308794524,0.885797183731015,0.983013084641875,0.429565930805169
"Gabon",-0.531203157283317,-0.0227575833686148,-2.78048656960734,0.887913387465674,-1.15470168388085,-0.934290060618135,-1.1792513393473,-0.194824271754171,-0.856120952853919,-1.18284565986826,-1.12404112849707,-0.22390343384681
"Gambia, The",-0.690238534853684,-1.34152176400401,-0.362023083435443,0.0773809236593097,-0.65605540627802,-2.96430940659092,-0.639746349245051,0.810273540579173,0.177628293605265,0.72137800147058,0.389071217488977,-0.00458826633621537
"Georgia",0.170640148984684,0.420729376806961,0.242592787835453,-0.167378406032958,0.567824300931658,0.582242976946237,0.331362632744772,0.857729435815527,0.717540843930591,0.701635475085964,1.30938384346968,1.42857409660696
"Germany",1.95922736052603,1.22492128568394,0.847208659469119,0.150348566780823,1.14199962920249,1.03131343947795,0.978768620737987,-0.81879991355625,1.45146665267276,0.885482849142193,0.873166139151042,0.942249977661897
"Ghana",0.392252435751647,0.658426957440793,0.847208659469119,0.377359010404339,0.1850407487511,0.655861085547855,0.169511135746468,0.437839875751704,0.0929362217561438,-0.908702645354492,-0.443950085329603,0.1307729112741
"Greece",0.418307655414997,0.562640029023998,0.847208659469119,-0.0707455820780705,1.14199962920249,0.648499274625854,-0.0732661097509876,-1.71824631753225,0.368082873997674,-0.146786989202531,0.560018043855214,-0.56501612167081
"Guatemala",-0.686526971230095,-1.22026167734374,0.847208659469119,0.607218041382054,0.1850407487511,-0.141905824313541,-0.235117606749291,2.48657759816401,-0.542915177785328,0.941173390300359,0.996477651441273,-0.45290857465084
"Guinea",-1.21802567825036,-0.729172239722246,-1.57125482670277,0.648851230706919,0.759216077021937,-1.17580173598238,-1.71875632912584,0.0511843404282853,-1.29631221684121,-0.212988087940726,-1.64540877447382,-0.136892726317921
"Guinea-Bissau",-1.4148480213587,-0.749004768762727,0.847208659469119,1.42531021605288,-0.060047244120223,-0.374792435493193,0.43926363063574,-1.44767109782207,-0.909890129543556,-1.58781721136195,-1.08749280116308,-1.02440382007752
"Guyana",-0.273688426314856,-0.482573122273562,0.847208659469119,1.01609978704832,0.00964774539424905,0.243599677007758,-0.639746349245051,-0.456514065115121,-0.53531193840667,0.0623343932428394,-0.513066583635243,-0.525398809856271
"Haiti",-0.935082821564136,-0.21977727586808,0.847208659469119,0.561202410701962,1.14199962920249,0.331941407453378,-0.0328032355014116,1.59009542970459,-1.77106114933335,-0.734578921332385,0.411807587974199,-0.126346810779209
"Honduras",-1.17266916118113,-1.49675781972495,0.242592787835453,0.761918208560642,0.567824300931658,0.169981568406139,0.169511135746468,1.6731125157966,-1.16104094270444,0.752343741403596,0.168968499120047,-0.18634061964422
"Hong Kong",1.2447520070227,0.92842959173774,0.847208659469119,0.679528317826979,0.376432524841379,0.60432840971224,0.735991375240531,1.71892656616517,1.76325023439055,0.949390192229708,1.95421114123576,2.35394455512164
"Hungary",0.203256741148018,1.0415308583437,0.847208659469119,-0.0941916416719646,0.759216077021937,0.70003195046147,0.978768620737987,-1.30091338995111,0.459933730838067,1.05071379373082,0.79287436621643,0.598626985219884
"Iceland",1.51143898541811,1.3262833386745,0.847208659469119,0.40146243608319,1.14199962920249,1.20063508944719,0.735991375240531,-0.843001714033084,2.07835876053095,-0.849689906509819,0.121635801860054,0.964668150023491
"India",-0.482517772229893,-0.448546042651385,-0.362023083435443,-1.15649534086565,-0.00635102733917836,0.143318868956889,-0.477894852246747,1.00927084626438,-0.0377367203780289,-0.0305582953376582,-1.22510214565389,-0.504091193860487
"Indonesia",-0.631704915524025,0.603308566877589,-0.362023083435443,-2.12370007069711,-0.00635102733917836,-0.102405433234331,-0.235117606749291,1.08398953433977,-0.216208080001706,1.03126090389526,-0.0178674958293276,-0.570107729019026
"Iran",-0.448628384670435,-0.680316728453169,-2.78048656960734,-1.87653039790449,-1.15470168388085,-1.44194971343187,-1.28715233723827,0.320455941219266,-0.41570128022101,0.135167491812413,-2.05614543824901,-1.3075815714415
"Iraq",-1.62042119920563,-2.88407460624853,-2.78048656960734,-1.25181343265063,-0.963309907790572,-1.50114949728347,-2.25826131922809,-1.00881280013084,-1.59222844053043,-0.70440000878472,-1.50744348498138,-0.525558852101939
"Ireland",1.53713117143973,1.14980379050522,0.847208659469119,0.969865034537119,0.1850407487511,1.11965516992357,0.978768620737987,-0.139989743437716,1.63566222667656,0.724919907072857,1.33995425595727,1.40796908946859
"Israel",1.03192877667694,0.771714833630555,-2.17587069797367,-0.894644491189592,1.14199962920249,0.160473065539274,0.978768620737987,-0.188765759925533,0.615771138950237,0.828417830006781,1.01176163470151,0.383410037188517
"Italy",0.856073986418827,1.29098559549806,0.847208659469119,0.358295392165669,0.950607853112215,0.854629978586707,0.735991375240531,-0.84574613894118,0.32285521485328,0.856160195188287,1.0445221429338,0.4561179552576
"Jamaica",0.181679757718331,-1.10323102756665,0.242592787835453,1.10155738696729,0.950607853112215,1.14174060268957,-0.235117606749291,0.773291747005617,-0.0915267596718422,0.250347031442177,-0.13419841540859,0.915284322549627
"Japan",1.55476843335368,1.12856542048841,0.847208659469119,0.383932672437176,0.1850407487511,0.928248087188325,0.735991375240531,-1.59100210962709,1.54823723198866,0.917679963999101,0.40481890051893,1.1467697204089
"Jordan",0.423835785063148,-0.0609923441102864,-0.362023083435443,-0.656677944178013,-0.771918131700293,-0.676626680821667,-1.1792513393473,0.900999894365706,-0.29887757817061,0.984559286168426,0.475508189589416,0.733957005056852
"Kazakhstan",-0.349178291637215,0.655860527257922,-0.966638955069109,-1.14466275015315,-1.15470168388085,-0.958076714821312,0.735991375240531,0.841157436561758,0.152634235361979,0.221061621370714,-0.41972417425734,0.50677679595981
"Kenya",-0.707287273958647,-0.652143788282893,-0.362023083435443,-0.135386586742981,-0.00635102733917836,0.398197705132996,0.169511135746468,1.09236386774685,-0.196535556554691,0.698999375173742,-0.281928431985317,0.338137371937501
"Korea, South",1.42889929614585,0.976689401786658,0.242592787835453,1.129824130987,0.950607853112215,0.79573549182909,0.735991375240531,0.28001493525622,0.767874694292831,0.978139421227469,0.467212225084498,0.220326307962469
"Kuwait",0.070452436455039,0.0828615985314929,-0.966638955069109,-1.65521712721449,-1.15470168388085,-0.139214487844336,-1.71875632912584,-0.201067421390768,-0.190557949304253,0.0714184872938564,-0.150675550926485,0.402509718254011
"Kyrgyz Republic",-0.797279071248632,-0.0510514690977232,-0.966638955069109,-0.185236853017265,-0.294582083553003,-0.899632969127361,0.331362632744772,0.486495690126709,-0.623436839204829,0.799455094800523,0.254914232708592,-0.365092720653061
"Laos",-0.70749114173362,0.163267283473674,-0.966638955069109,-0.421559984520635,-2.4944441165128,-1.19195344103299,0.978768620737987,1.10781273335773,0.471639610790036,-0.648857715985571,-0.159161692342003,-0.414097852676075
"Latvia",0.965107191574779,1.03961563912462,0.847208659469119,0.652357183554447,1.14199962920249,1.04603706132195,0.978768620737987,0.138627670027589,0.641041155218348,0.773599320463135,1.12886228894877,0.626240988740269
"Lebanon",-0.470695097202848,-0.331022815785656,-0.362023083435443,-0.171541724965445,0.759216077021937,0.376112272985384,-1.1792513393473,1.78429899405644,-0.822282437957291,1.03924218767067,-0.17158484075103,-1.15688916570717
"Lesotho",-0.134254254302075,-1.68838427504773,0.847208659469119,1.05718517179541,-0.125609555033686,-0.0913627168513287,-0.437431977997171,-1.30775441676653,0.153109188827605,-0.288794613492145,-0.578309421766881,0.342621835910986
"Liberia",-0.810162992653058,0.0924984686432089,-0.362023083435443,1.0437091655747,-0.234719026995584,-0.297493421430574,-0.909498844134323,0.719100367037516,-0.670536083418128,0.801411859769626,-0.703580329165533,-1.28241079173163
"Libya",-1.78372644034369,-1.96181876222195,-0.966638955069109,-0.298632514209283,-1.72887701215169,-1.75881287769833,-1.98850882433882,-1.41564663817978,-1.31043398048356,-1.84840356074005,-1.91068316458414,-1.66601798901669
"Lithuania",1.03513084007239,0.863177262805973,0.847208659469119,0.608751895974708,1.14199962920249,1.11965516992357,0.978768620737987,0.6122781668766,0.838589517634731,0.785757578979978,0.994588098610459,0.990041701973572
"Luxembourg",1.71065011747748,1.28709510278208,0.847208659469119,1.00404807450471,1.14199962920249,1.23008233313519,0.735991375240531,-1.88981417789141,2.04670154803684,0.764402456971881,1.09402228404539,0.83004737602458
"Macedonia",-0.0693254591080834,0.386480059492221,-0.362023083435443,0.527238493157112,0.376432524841379,0.0963634598045212,0.735991375240531,-0.167589471959855,-0.0940846917897059,-0.0794851965705496,0.794994786646624,1.15141384587342
"Madagascar",-0.91610118994766,0.091506051075697,0.847208659469119,0.0574408175045737,-0.580526355610015,0.361388651141383,0.169511135746468,0.994895319848034,-1.5822507483615,-0.248320098188705,-0.265759904462101,-1.14800326558194
"Malawi",-0.113320488134265,0.489957819950402,0.242592787835453,0.644359229027768,0.164069419392967,0.0761184800782144,0.169511135746468,-0.347378152714851,-0.352929026482051,-1.08685096391179,-0.797772554480341,-1.2206361215659
"Malaysia",0.192531805303371,0.370897435293346,-0.966638955069109,-2.07878005035583,-1.15470168388085,-0.551475895766041,-0.882523594742507,0.309747060235074,0.356245718866032,-1.75363826790096,0.439797864493159,1.56034615476582
"Mali",-0.721736923932017,-1.8814058897254,0.242592787835453,0.68522549135212,0.1850407487511,0.111087081648523,-0.639746349245051,-1.25756155647982,-1.14581690986354,-0.743103528343868,-0.121367325279539,-0.471127727600399
"Malta",1.08710087185427,1.26683448732863,0.847208659469119,0.595166328838442,1.14199962920249,1.08284611531356,0.978768620737987,-0.46235851618293,0.93651731304108,0.886585212808981,1.18914939342345,1.11765811858061
"Mauritania",-0.719520705779894,-1.58149806971467,0.242592787835453,-1.05460358763947,-0.580526355610015,-1.04398377739116,-2.25826131922809,-0.942485243412584,-0.97274957356736,-0.102185235919561,-0.914266858053074,-0.295023330210267
"Mauritius",0.821117501886627,0.793731725467018,-0.362023083435443,0.346901045707016,0.759216077021937,1.03131343947795,-0.639746349245051,0.838408994681551,1.01140051732561,0.962751387281892,1.19256224983247,0.710237001519346
"Mexico",-0.726402664911188,-1.42491119544541,0.847208659469119,0.0740940932345202,0.567824300931658,-0.438685852582199,0.978768620737987,1.16958951226701,-0.7095294110813,-0.097255858457115,0.204593668794526,0.0906628097170349
"Moldova",-0.402215056224009,0.431198289194976,0.242592787835453,-0.826716655508262,-0.389134579519736,-0.198108974601952,0.978768620737987,0.0129440774281276,-0.572387437410625,-0.185449145199251,0.373482640976367,-0.107756852353016
"Mongolia",0.0883199345927178,0.590818378819018,0.847208659469119,0.675145877063383,0.567824300931658,0.339303218375379,0.735991375240531,1.23809360068792,0.222187640074456,0.819718359184653,-0.201635322498329,0.234995179404557
"Montenegro",-0.00270645125347302,0.553134075482454,0.847208659469119,0.854387714174673,0.234842470934212,-1.52139447700978,0.65506562674138,0.361710884216847,-0.189838707599327,0.0181382344784061,0.968798394982984,-0.0756660533740329
"Morocco",-0.556865032156954,0.224203545690485,0.242592787835453,-1.78340352679713,-0.771918131700293,-0.242279839515566,-1.1792513393473,-0.451315070174318,0.121998032321036,-0.734191225520772,-0.0736482075896455,-0.646338664815417
"Mozambique",-0.954162621548168,0.336937766729672,0.242592787835453,0.267797985398143,-1.72887701215169,-0.0508727573987151,0.978768620737987,-0.300867248738547,-0.813252191232497,-1.63044864037469,-0.530582068642965,-1.87738705014235
"Myanmar",-1.30652922888935,0.0230147542679443,-2.17587069797367,-0.649227794820737,-0.00635102733917836,-0.0893660326099383,-0.842060720492931,-0.152281696063466,-1.08886287229603,-1.26102974821555,-1.73796866506446,-1.1742457083488
"Namibia",0.42249560942149,-0.757286131142051,0.847208659469119,0.758631378135853,-0.00635102733917836,0.34666502929738,0.331362632744772,-0.978985449475855,0.798106964819046,-1.50386513158504,-0.561638392926097,0.719549721761502
"Nepal",-0.494600562409254,0.832210608164594,0.242592787835453,-1.33464156763814,-0.771918131700293,-0.610370383142049,0.978768620737987,1.17034894620079,-0.395405654673701,-1.29324582247531,-0.324731364238672,0.0340291439854159
"Netherlands",2.09492664562073,1.30003876681897,0.847208659469119,0.85833191068442,1.14199962920249,1.2595295762048,0.735991375240531,-2.08271476682356,1.92233731057744,0.902576352587866,1.38900968871683,1.22025446243572
"New Zealand",1.69274515787287,1.26215554812581,0.847208659469119,1.35354774418573,1.14199962920249,1.13437879176757,0.735991375240531,-0.00545652200670574,2.28452580472016,0.868089728442569,1.3711131676275,2.08193264417679
"Nicaragua",-0.821778382613026,0.157536293033674,0.242592787835453,0.277439356024661,-1.15470168388085,-0.396877867640804,-0.0328032355014116,1.23057451077671,-0.49842495720909,0.614224447293227,0.677384314368618,-0.0137260317666401
"Niger",-0.586615828843806,-0.812261224930789,-0.362023083435443,0.213236595021969,-0.580526355610015,-1.44961682144785,-0.909498844134323,0.294664034704095,-1.01476565504072,-0.877237178076168,-1.29925078823964,0.0407840177311922
"Nigeria",-0.478489730818137,-2.03973234384897,-0.362023083435443,-0.0685543614004581,0.759216077021937,0.300356335234657,-1.1792513393473,0.492135781923561,-1.05107696997036,-0.559406654299407,-0.944112029421632,0.532740145579889
"Norway",2.11450659518002,1.30626103320085,0.847208659469119,-0.0214431209731902,1.14199962920249,1.30370044173681,0.978768620737987,-1.62377746948521,2.26041926136605,0.899513971723718,0.482763960382584,0.696490837453357
"Oman",0.462088814312301,0.200670261747089,-0.362023083435443,-1.42601546291336,-1.72887701215169,-1.44961682144785,-2.25826131922809,-1.59227016948274,0.472515992866348,0.391580269694107,0.584271603000821,-0.180379914589594
"Pakistan",-0.982402810207595,-1.28403160338012,-0.966638955069109,-2.01413904569092,0.759216077021937,-0.372092160784393,-1.04437509174081,1.10481110219084,-1.14274917648757,-1.18037427773064,-1.00970282629423,-0.704596686152145
"Panama",-0.442607123954384,0.449101839020724,0.847208659469119,0.542796158548252,0.567824300931658,0.37798017212221,0.735991375240531,0.71837839816707,0.0178278612257174,1.04088844714892,1.42269302661511,-0.110363669528952
"Pap. New Guinea",-0.697083592257494,-0.0823114645731011,0.847208659469119,0.380426719589647,0.0912391860735289,0.56567890268093,0.169511135746468,-0.152319813609151,-0.717423394374222,-1.34858328573039,0.150418097960281,0.246489913151189
"Paraguay",-0.61271947669837,-0.165827409189452,0.242592787835453,0.43213952320325,0.1850407487511,0.427644948821,0.169511135746468,1.38914461797284,-0.896347507094616,0.744494462738892,0.22317100695126,-0.846452201293306
"Peru",-0.240104651590092,0.122092853720383,0.847208659469119,0.462597488492201,0.759216077021937,0.318933685201733,0.776454249490107,0.405126727105695,-0.292880019953722,1.04642286431808,1.02372369627105,0.458773023370278
"Philippines",-1.02438899627107,-0.862948773310111,0.242592787835453,0.619488876348403,0.376432524841379,0.318372627932334,-0.235117606749291,1.64574665524378,-0.610929161802184,0.844661531362021,0.092446828552261,0.343332095799652
"Poland",0.781906788480522,1.17439327559262,0.847208659469119,-0.649446916651847,0.759216077021937,0.574881166024236,0.735991375240531,-0.701605206257115,0.224844235930608,1.005907717633,0.758719082096531,0.553543251972395
"Portugal",1.26179001114655,1.29487370570407,0.847208659469119,1.1725529312423,0.950607853112215,1.15646422453357,0.735991375240531,-0.672562497077094,1.15156518803305,0.793283635254254,1.15119337725827,0.163454360735756
"Qatar",0.882103531023692,0.343669753317858,-1.57125482670277,-1.62870335902691,-1.72887701215169,-0.448410544094811,-2.25826131922809,0.0443807639769672,0.666163965812788,0.312988726673952,0.534327256121554,1.28255812414491
"Romania",0.748562024952914,1.23749419521871,0.847208659469119,0.256622760770599,1.14199962920249,0.810459113673093,0.735991375240531,0.285902631450095,0.538955160890415,0.786569457254684,1.20629616456581,0.738539385135317
"Russia",-0.681918432802485,-0.378765716669528,-1.57125482670277,-1.68457948216463,-0.771918131700293,-0.953892451785362,0.735991375240531,0.186953873017699,-0.164485141071586,0.616298908713861,-0.152233983711731,-0.467904351143042
"Rwanda",0.107035678322316,0.325462434525051,-0.362023083435443,-0.830222608355791,-1.92026878824197,-0.882757384782519,0.709016125848715,-0.625975212650393,1.27284122562118,0.789609204929091,-0.002682675941219,1.11404688622099
"Saudi Arabia",0.49451599996477,-0.441712637536368,-2.78048656960734,-2.50190472924332,-1.92026878824197,-1.17949588245529,-2.25826131922809,-0.925672402222873,-0.0185586922028527,0.557009682514135,-0.947189531532909,0.11960941948942
"Senegal",-0.260617673936723,-0.163139600200286,-0.362023083435443,0.933929018145765,1.14199962920249,0.34666502929738,-1.44900383423657,0.283367962062541,-0.627611559194599,-0.74691775796234,-0.299308677724589,-0.838624204607339
"Serbia",-0.433933433328224,0.911792821687127,0.847208659469119,0.489111256088146,0.376432524841379,0.52334849018862,0.735991375240531,-0.0613953901876049,-0.175216103764882,-0.0681054144268875,0.494586778959241,0.134178313700679
"Seychelles",0.169953030493359,-0.434313713171649,-0.0597151477999953,0.411322928540818,0.136245160885821,-0.01406370278871,0.978768620737987,-0.127955989268594,0.297595487627397,0.543487142156437,0.628448695859584,0.36200068297172
"Sierra Leone",-0.724894062872238,-0.00182706341166957,0.242592787835453,0.597357548924425,0.0107437615007532,-0.27172708320357,0.43926363063574,0.436167753742634,-0.796729142502133,-0.929687588779538,-0.814409718626544,-2.23103072264638
"Singapore",1.57923972709176,0.934298364702059,0.242592787835453,-0.786179075930574,-1.34609345997113,-0.962275822978315,0.331362632744772,1.17258165589945,1.9659539401114,1.08735564248799,1.92641870921736,1.90788887338265
"Slovak Rep.",0.71624477629721,0.90507120003545,0.847208659469119,0.168097452849576,1.14199962920249,0.994504385486334,0.735991375240531,-0.729821058598623,0.243740596762101,0.877666364017655,1.07113876058419,0.543384904827345
"Slovenia",0.823448629091301,1.19228866463712,0.847208659469119,0.920781695263348,1.14199962920249,1.07548430500995,0.735991375240531,-1.39378160649659,0.654613936104947,0.913165217010681,0.733822019171395,-0.166221716702078
"South Africa",0.38050955087806,-1.42300122083785,0.847208659469119,1.13661691485095,1.14199962920249,0.751564626915477,0.735991375240531,-0.359070924013686,-0.018699825729766,-0.114902760318689,-0.204026489284415,0.147558277284218
"Spain",1.16753279877676,1.09924620653471,0.847208659469119,0.32718006138339,0.950607853112215,0.942971709032328,0.735991375240531,-0.378912681402245,1.03694014343546,0.892142475020776,0.874605405197507,0.398482000546108
"Sri Lanka",-0.361002771563426,0.256604993754648,-0.362023083435443,-0.335664140939443,-0.580526355610015,-0.286450705047572,-1.69178107973403,1.4515692269343,-0.187663269174328,-1.25088563387983,-0.95529649295414,-0.128145798720185
"Sudan",-1.1918509447119,-1.77131471134537,-0.966638955069109,-0.564208439155612,-1.34609345997113,-1.236124306565,-2.25826131922809,2.41527937368228,-1.45453338728107,-1.94078471046052,-3.509659395793,-1.04329248537071
"Suriname",-0.108567953208133,-0.597388587594684,0.847208659469119,1.20837938612647,0.295497936527022,0.514146226226924,0.978768620737987,0.510520258756161,0.00129800098886621,-1.60854622789875,0.158074122542834,-0.727670669518418
"Swaziland",-0.275351449616399,-0.966760635675341,-0.362023083435443,0.303843562705051,-0.381353103982216,-1.07048356205676,-0.680209223494627,-0.829819827735556,-0.558204145726441,-0.366467623186883,-0.00227262811297793,0.690676746244358
"Sweden",2.10418021773327,1.25256407982052,0.847208659469119,0.852634737750909,1.14199962920249,1.2595295762048,0.574139878242228,-2.33793908392172,1.6979231299606,0.787349204745246,1.00011405958403,1.17897345684597
"Switzerland",1.92617079108478,1.1091453226709,0.847208659469119,0.440685283490963,1.14199962920249,1.22272052221319,0.735991375240531,0.769284317142741,2.14229600766773,1.20219843549644,0.524429169586931,1.41703435416586
"Syria",-1.91717012811398,-2.16769060202749,-2.78048656960734,-1.79742733759562,-1.72441614679933,-3.66743079699138,-2.25826131922809,-0.234261405436609,-1.15501161812194,-2.2351221307254,-1.78457192593955,-1.52682222954398
"Taiwan",1.15044790773768,1.16084234255805,0.847208659469119,1.13223447349572,1.14199962920249,0.987142574564333,0.978768620737987,0.590083571989321,1.01672752912648,1.055402680222,0.603031140282784,0.988842000457748
"Tajikistan",-1.1098037188665,0.226439809707047,0.242592787835453,-1.82700881437687,-1.92026878824197,-2.11217979886242,0.43926363063574,0.0348184896680589,-0.0584138646813671,0.421511843984481,-0.555893619597931,-0.240047833426413
"Tanzania",-0.529300952349169,-0.507007190892429,0.242592787835453,-0.589188352750532,-0.771918131700293,-0.117129055078333,-0.639746349245051,0.678799465124122,0.290641222718996,-0.0150706404301263,-0.688094506155595,0.187090223327009
"Thailand",-0.503408316457752,0.415628672952795,0.242592787835453,-0.11106403923302,-0.963309907790572,-0.328726473320861,-0.842060720492931,0.129932734228568,-0.308706104351112,0.282435298284602,0.0765312374219305,0.0813119275646291
"Timor-Leste",-1.13168609442311,-0.653693071385758,-0.966638955069109,0.699249302742235,-0.317764728993936,0.436847212164305,-0.100241359142804,-0.297452526826306,-1.09168177490572,0.305366401150951,0.0196992157666138,0.37416626461714
"Togo",-0.628047590223918,-0.0265413525584157,-0.362023083435443,0.848252296395683,0.376432524841379,0.479177624656615,-0.639746349245051,0.193023560342035,-1.00418450959888,-0.869277655028729,-1.35523766214479,-0.717916772184223
"Trinidad and Tobago",-0.230586564883515,-1.49333319302216,0.847208659469119,0.693661690132649,-0.0368028415293321,0.642977916743549,-0.100241359142804,-0.72535947814943,-0.438485082264953,0.578869931253535,0.69745046932309,-0.389368095619505
"Tunisia",-0.214379986579635,-0.357448182440137,0.242592787835453,-0.58349117981702,0.376432524841379,0.202938058088634,-0.909498844134323,-0.553513121334292,0.0401855714978169,-0.845011856008027,-0.090237031255212,-0.609056843647523
"Turkey",-0.694591341630687,-0.392009967376053,0.847208659469119,-1.74505716789706,-0.963309907790572,-2.3049411708367,0.735991375240531,0.075859407836255,-0.284335961960619,0.551448380782911,0.169200748190811,-0.375329756765383
"Uganda",-1.06947720809018,-0.750186984531116,0.242592787835453,0.564708363549491,-0.00635102733917836,0.125810703492525,-1.04437509174081,1.47315979464947,-0.315880282772784,0.289706685905062,0.369118905947043,0.909630860259252
"Ukraine",-0.344002974408338,-0.483506002370609,0.242592787835453,-0.938249778769331,-0.580526355610015,-0.364956425361233,0.735991375240531,0.491867619024222,-0.453642590349603,-2.40589224128038,-0.389771236255283,-0.148237346578756
"United Arab Emirates",0.771538508435881,-0.0556173840782657,-1.57125482670277,-1.62563565043323,-2.4944441165128,-0.853310141094515,-2.25826131922809,0.195227437506786,0.549889534953272,0.61658312583678,1.02809816609582,0.357901180388228
"United Kingdom",1.5995640872032,1.2368419429162,0.847208659469119,0.083954585692148,1.14199962920249,0.96505714179833,0.735991375240531,-0.668936949050604,1.71943546623779,1.14592729429668,1.20424282092786,1.17484181254922
"United States",1.12955134309209,0.723218221892861,0.847208659469119,0.834447607428307,1.14199962920249,0.959802986819093,0.735991375240531,-0.0467127797684864,1.42374186421972,1.14901148742059,0.538295659806775,1.75927954419802
"Uruguay",0.94055727866063,0.236688799502808,0.847208659469119,0.612915214907195,0.1850407487511,1.03131343947795,0.978768620737987,0.290733303774869,0.0968000491370435,0.522021095116604,0.656839321091117,-0.195300290979807
"Venezuela",-1.86818401338546,-1.24754692505731,0.242592787835453,-0.330624333499259,-0.197742803429457,-1.59539021912274,0.169511135746468,-1.46482043616794,-2.09574984465245,-4.50930254151155,-3.16711308766871,-4.40278698673137
"Vietnam",-0.119802169799293,0.393039223877429,-1.57125482670277,-0.915680207683134,-2.11166056433224,-1.14153468356712,0.735991375240531,0.917735568696372,-0.100257680558457,-1.26935438398521,-0.628853504361069,-0.305965895917714
"Yemen, Rep.",-1.5225924322569,-2.8680238992419,-2.78048656960734,-3.12208599565216,-1.85651414356213,-2.84836088549699,-2.25826131922809,0.939312825444798,-1.35825017784524,0.573719071607306,-0.283367263249684,-1.7376434517718
"Zambia",-0.608110382209775,0.148409258286423,-0.966638955069109,-0.0655962137223327,-0.386187584072329,-0.571037459449217,-0.909498844134323,-0.34202662144478,0.0780070707642272,0.0146155609680086,-0.0389405764610031,-0.586731022739636
"Zimbabwe",-0.98085196163446,-0.32320379515854,-0.966638955069109,-0.601020943463033,-1.72887701215169,-0.64276235070414,-1.1792513393473,-0.275375714395738,-0.955286350307328,0.0399152128620428,-1.23471115463961,-0.455140184360343
