"uid","user","location","message","likes","n_of_message","time"
"2141757416","枝干树叶","江苏","千年流浪，尽显民族智慧
四次补档，展现流浪原因",1792,5,2025-06-19 11:16:06
"12325701","卡格瓦的信徒","广西","超越稣哥了，稣哥当年也就被举报了一次",337,7,2025-06-18 18:12:54
"22196378","私念的滋味","福建","流浪千年的智慧不是简简单单几句话就能说明白的。到哪都被人讨厌也不是简简单单就能描述的。",391,13,2025-06-18 20:32:17
"35455849","徐曹全mk1","黑龙江","四补了？到底谁在举报啊[热]这么锲而不舍",131,7,2025-06-18 18:17:58
"8379566","tyerx","广东","从九十年代接触“圣经”以来，我一直都将之评价为“不如《西游记》”的神魔小说，这个评价我当面跟好几个天主教神甫说过[吃瓜]",146,9,2025-06-19 17:45:11
"359051396","B金发と花臂Q","天津","别闹，孙笑窜没这么坏[doge]",657,3,2025-06-19 11:06:16
"164535794","爱吃零食的小白h","广东","所以从头到尾都只是在嘲讽极右，也没解释为啥啊?是默认了犹太人就是优越种族，就是比其他人更优越，更容易进入上层社会?[疑惑]",27,1,2025-06-20 07:38:56
"2701969","如是麋角解","陕西","和傅首尔长相一个道理：“为什么叫别人傅首尔长相会是贬义，而吴彦祖长相就不会呢？”[doge]",518,4,2025-06-19 17:28:05
"3546560270960894","以神皇之名1","北京","因为侮辱孙笑川，所以被删除3次吗？[笑哭]",1078,6,2025-06-18 23:44:20
"551456766","墨奕moyi丶","福建","领狗粮的还是多啊",138,1,2025-06-19 00:58:14
"247927064","猫郎伯源","山东","原来up只是讽刺右翼吗，那别的视频为什么不补档，说反犹太意识的被补档，这是个问题",15,0,2025-06-20 17:27:56
"23779887","转晕的华尔兹","四川","那为什么这些白人们还要信仰一个不把他们当选民的上帝？",26,4,2025-06-19 04:02:21
"146060294","a_chatjbt","天津","教友发力了",105,2,2025-06-19 14:54:30
"34148341","穿上马甲就算鳖","江苏","“珍惜和维护来之不易的和平与正义，防止类似的悲剧再次发生。”
看到这句话时，我笑出了声。",330,13,2025-06-19 13:17:09
"7380885","幻夜月影","湖南","好家伙，看到这些meme梗图，我才意识到欧美网络巨魔起来也一点都不含糊的[笑哭]",84,1,2025-06-19 17:47:39
"15001149","芥末绘溪","江苏","孙笑川 罪不至此。[doge]",140,0,2025-06-19 10:16:13
"1911152608","里森堡经济合作委员会","北京","500多个粉丝，这个视频居然能四补，逆天了",104,2,2025-06-19 19:20:10
"10090929","Guajava","江苏","啊啊啊谁懂这种点开三补视频g了再点开主页看见四补的救赎感",1009,5,2025-06-18 18:11:46
"6263858","我是黄晨宇","福建","现在是大多数跨国大企业ceo都是印度人，印度人好聪明啊，我们要学习他[doge]",48,0,2025-06-18 23:56:36
"503159952","鸽不灵举人","湖北","头一次见到标题和评论区都逆天，但是视频内容客观的视频",995,4,2025-06-19 10:59:28
"1468138326","血艳冰魂","福建","我是大善人，我不能亲自动手，这时候我发现一个快死的流浪汉，我把他养壮，我看一伙人不爽，就把流浪汉派到这伙人身边恶心他们，大家都指责流浪汉，我这个大善人名字也保住了",29,1,2025-06-19 13:49:09
"21357382","殘笑","泰国","[歪嘴]被渗透了[doge]",299,3,2025-06-18 23:45:45
"7131593","吃个瓜瓜呱呱呱","吉林","【犹太人都做了哪些坏事？-哔哩哔哩】 https://b23.tv/YpFVgaV",12,0,2025-06-19 07:16:47
"277289224","Ajima-Ryoma","加拿大","看完之后只能说四次补档和视屏内容相映成趣，引人发笑",842,6,2025-06-19 04:21:40
"5797747","低压菠萝","吉林","（补档）谁举办的？",61,10,2025-06-18 18:03:50
"50946341","黄前くみご","广东","不了解基督教。但是听说稣是某个犹卖掉的。某个晚餐左边那个[吃瓜]",10,3,2025-06-19 18:22:26
"3537112404068702","邪眼全名邪王真眼","浙江","说宗教的那一块笑抽了[笑哭][笑哭][笑哭]
鲁迅掀屋顶哲学的含金量还在上升",6,0,2025-06-19 23:15:06
"174541936","最近超爱蓝小鸟","四川","这个都要补档？b站确实是罕见啊😅🖕🏻",43,1,2025-06-19 01:45:10
"473376912","風言叶","广东","四次补档，四次首页[笑哭]",331,0,2025-06-19 00:24:47
"258007503","偷懒的年兽","山东","是谁在举办[喜极而泣]",70,6,2025-06-19 01:36:29
"1082038691","惑星林檎","四川","随着补档次数的提升而提示含金量",8,0,2025-06-20 12:38:43
"13838621","嬴命怀","陕西","别尬黑，孙笑川网络上流传的坏事百分之九十都不是他干的[傲娇]",129,2,2025-06-19 13:34:44
"6431468","Libeccio_","日本","所以为什么会补4回 资本的大手发力了嘛",56,6,2025-06-19 15:36:17
"257589204","AgDemon","广西","宝藏up啊，才四百多粉丝，可惜死活不出“投资up主”[藏狐]",30,2,2025-06-19 10:45:36
"410073922","xzhzzzs","山东","评论前先看视频，好吗？[老鼠]",23,1,2025-06-20 11:47:06
"107669829","渗透不进她的心","四川","有没有可能是b站自己删的呢[doge]",57,11,2025-06-19 01:56:29
"355601077","一头肥企鹅","天津","11：53[doge]",66,3,2025-06-19 10:55:47
"484789792","ELBER_CLC","重庆","评论区的各位，答应我，先看完视频好吗[汤圆]",20,0,2025-06-19 23:20:46
"2028062012","开门见-衫-","江苏","补档的含金量",16,1,2025-06-20 10:55:53
"355348381","幼菜幼爱玩_","四川","小孙被黑的最惨的一集[大哭][大哭]",5,0,2025-06-19 13:17:15
"1717114905","野蛮大黄","上海","孙笑川罪不至此[笑哭]",48,0,2025-06-19 09:41:57
"3546662779751104","反拉黑犬001","湖南","作为一个原敎主义 華夏镞我非常赞同 元首的觀点，因为我的國🏠也在饱受异端的蚕食与外来入侵物种的 冲击[doge_金箍]",11,6,2025-06-19 13:59:21
"566792173","Christinaao","北京","下午刚看见三补，怎么又被也🐶举报了[笑哭]",50,0,2025-06-18 18:03:16
"9485108","隰有猕猴桃","江苏","孙笑川被和黑的最惨的一次[doge]",12,0,2025-06-18 18:21:30
"210973279","猫咪老汉快意人生","云南","WDNMD，孙笑川都干不出这种事来",18,0,2025-06-19 07:52:27
"1594113","水星の魔男-天尊武神","安徽","因为它剑[doge]",17,0,2025-06-18 18:45:05
"500747942","bili_500747942","安徽","我去年剪辑了全世界的发达国家根本没有播放量也没有多少人看，结果今年回头看发现只有以色列有几个弹幕，弹幕还是以色列的标准符号[微笑]",8,0,2025-06-19 17:09:49
"8213404","无名主教","江苏","补档四次的含金量",10,0,2025-06-19 17:54:40
"3546789164616465","胜利条件","安徽","字幕看不清",2,1,2025-06-19 13:30:38
"118392","YOU爸妈知道吗","未知","UP主加油！看好你噢~",3,0,2025-06-19 01:04:38
"4916808","bilubiyu","未知","UP主加油！看好你噢~",3,0,2025-06-19 00:14:00
"7122986","骰子猫_","广东","补档增加含金量[doge]",35,0,2025-06-18 22:38:12
"1467720","空空will","贵州","[doge]看都看不全，谁一直举报啊",11,0,2025-06-19 01:33:13
"1467848266","蜜汁撤硕er","江苏","感觉补档完全是没看懂up像表达的东西",7,0,2025-06-19 14:37:04
"27971649","世界征服66","广西","@户晨风 @KrakenNERO @怠惰怠惰璃 @职业宣俄大使 @御上神 @DD第二代",3,0,2025-06-20 03:57:20
"360771814","尼禄教授","北京","不是，我上午刚看完的三补",25,0,2025-06-18 20:53:15
"5289233","DollyKerman","辽宁","孙笑川罪不至此[笑哭]",6,0,2025-06-19 11:50:10
"12522922","爪巴爪巴爪爪巴巴","湖南","孙笑川罪不至此啊[大哭]",3,0,2025-06-19 16:13:49
"1723733","咩哩哗啦","四川","没绷住，中午看完的三补，晚上就刷到四补了[笑哭]",22,0,2025-06-18 19:45:17
"3546703609203100","灰尘TheLordofDust","广西","补档见真活",7,0,2025-06-19 15:05:15
"15808465","三进制格式塔","内蒙古","四次补档的含金量",4,0,2025-06-19 16:46:25
"1828049780","嘉然-冯-哈布斯堡","山东","评论区某些人疑似连视频都没看完就看了个标题就来评论区发泄情绪了是吗[汤圆]",15,1,2025-06-19 10:20:10
"37182958","小慕白白白白","四川","西海！",1,0,2025-06-19 20:30:41
"331452975","发财儿儿儿","美国","加个BGM呗，有点像上课[笑哭]",2,0,2025-06-19 22:49:04
"37801847","文若疏生","广东","反复证明含金量[吃瓜]",6,0,2025-06-19 10:35:05
"43291974","mummyla","四川","孙笑川：我是坏，但罪不至此！[笑哭]",6,0,2025-06-19 16:46:12
"16456508","刘记豆浆油条","黑龙江","说的大实话",8,0,2025-06-19 04:48:48
"171386804","金钱豹的地瓜","陕西","先缓存，不然以后没了[笑哭]",1,0,2025-06-19 11:45:46
"1506848358","用户1232837381","天津","03:52 注：这里的中文字幕包含对塔木德的误解",14,0,2025-06-18 18:57:02
"100974517","亚托克斯不只是好看","四川","真理掌握在补档之上[doge]",3,0,2025-06-19 05:27:35
"390230345","东方万花大总攻","广东","呵呵 https://www.bilibili.com/video/BV1BdNZzZEYQ/?spm_id_from=333.999.top_right_bar_window_history.content.click&vd_source=7dc7e6d7f28de939f73f711813248f8a",2,0,2025-06-20 05:57:14
"108169905","蓝铃梦花-风铃","浙江","《呐 喊》 四次补档又如何？",1,0,2025-06-19 23:21:50
"1730532","萧萧的蓝","江苏","四 次 补 档[doge]",4,0,2025-06-18 23:47:48
"6677170","少林方丈法号梦一","山东","放个未删减的链接吧，下着看",1,0,2025-06-19 16:45:06
"382435488","来点作用啊修虎","湖北","这期爆的不行 哈哈哈",3,0,2025-06-19 09:16:11
"13868393","北冥殇夜","江苏","上次没看完还是三补，这么快又打赢复活赛了",1,0,2025-06-19 21:08:59
"358070167","奥菲利娅-法姆索罗涅","山东","你补了四次，我现在看了三遍了，是不是过两天还得让我再看一遍",1,0,2025-06-19 19:28:21
"231274156","摩嘀摄影师","山东","第三次评论，小孙罪不至此[doge]",1,0,2025-06-20 11:10:04
"25395292","AmazingPo","重庆","四次补档[笑哭][支持]",1,0,2025-06-19 12:55:04
"8592788","不止于白","未知","UP主加油！看好你噢~",0,0,2025-06-20 00:46:29
"3546811258112458","骰號丸家","青海","三连缓存了",6,1,2025-06-19 03:52:37
"3882130","极霸·银の光","广东","孙笑川真的罪不至此！！[吃瓜]",1,0,2025-06-19 23:15:03
"383901329","鱼粉7104号","陕西","删了多少啊？[吃瓜]",1,0,2025-06-19 13:40:19
"25526892","十万岁的老大爷","新疆","美国本土白人[笑哭]",0,0,2025-06-19 23:14:26
"12562669","麒月奇遇记","重庆","我勒个四次补档啊",0,0,2025-06-19 20:59:09
"331452975","发财儿儿儿","美国","加个BGM呗，有点像上课[笑哭]",0,0,2025-06-19 22:49:04
"352643897","咖啡夹心-硫酸饮料","湖南","一卡一卡的[笑哭]",0,0,2025-06-19 21:22:18
"14117794","bili_4540142835","四川","令人感叹",0,0,2025-06-20 06:59:15
"15290809","切发止痛","河南","up是真有活啊",0,0,2025-06-19 21:11:42
"1422944049","未现青山","北京","四次补档吗[doge_金箍]",0,0,2025-06-19 13:19:26
"404687936","正式用户居然要答题","上海","哪怕不看也给币[妙啊]",0,0,2025-06-19 14:51:19
"3546912594594501","那年冬天硕","辽宁","千年流浪，没有一秒是多余的",18,0,2025-06-20 05:13:32
"275322112","明智要戒烟","广东","犹太人的坏和小日子的坏是一个样，没得洗",36,0,2025-06-20 00:46:14
"15138930","理智中立客观haha","河南","[doge]其实如果真的好好了解美国的历史，你就会发现为什么牢美的白人至上主义一直屡禁不止了。物质决定意识。在新自由主义兴起的这些年，牢美一直在通过各种手段来驯化白人女性，最为经典的就是从小灌输“如果一个白人女性想要嫁给白人男性，那她就是种族主义者，就是在犯罪”的观念。而在这种系统性的驯化下，白人的生育率早就是负的咯，所谓的白人至上主义，从另一个角度来看，就是美国的白人正在面临事实上的“绝种”，不得不使用极端的手段来保护自己的种群。嘿嘿，这背后的推手是谁，不用我解释了吧～再看看国内这些年流行的某些普世价值～是不是似曾相识呢～～～",4,0,2025-06-19 20:46:51
"425570644","一只陈sir","山东","[笑哭][笑哭][笑哭]",12,8,2025-06-19 11:39:46
"37392003","铳天将军","广东","只要阿美莉卡那里的面包涨到50万之后，米国人会想起他们的传统手艺的",55,3,2025-06-19 00:42:55
"33722673","雾雨呦","北京","这是我见到过的，对孙笑川最恶毒的谩骂和诽谤。",31,0,2025-06-20 11:51:31
"411886383","泽拉图的消失","广东","啥呀，没啥好洗的，犹太人自己干的那些事可以被否认吗。联合国大会关于加沙停火，是两百多票对两票（美国和以色列），安理会也是14票对1票（美国），美国的盟友和大缺大德的带英都看不下去。洗白犹太人是不是在说，国际社会正在与国际社会逆行。说以色列不能代表犹太人的请问犹太人在哪个国家受欢迎。",17,3,2025-06-20 11:18:42
"38532558","啊啊嘁嘁嘁","山东","艺术家 ：艺术需要是时间印证……时间便是最好的艺术 历史会评价我们的",26,0,2025-06-20 07:05:39
"15793066","敷竹炒肉","广西","有点意思，视频和评论区好像说的是一回事",22,1,2025-06-20 02:29:02
"3546713482594981","韭菜一box","山东","在别的国家，我们也经常见到资本家煽动对犹太人的仇恨。来人民的注意力从他们真正的矛盾---资本上转移。对犹太人的仇恨，只有在地主和资本家奴役群众，蒙蔽群众的国家，才能得以维持。只有最受奴役最受剥削的底层人民才会相信，这是那些封建社会的残余”---《列宁选集》[笑哭]",11,3,2025-06-20 00:40:36
"4160054","ddd571","辽宁","艾公说:真理只在大炮射程之内，尊严只在剑锋之上。大家说艾公千古。内塔尼亚胡真这么做了了，网友却对其破口大骂[吃瓜]",6,8,2025-06-19 21:43:06
"4586864","刘康","北京","真正的艺术总是超前的[黑眼圈_金箍][捂眼][微笑]",84,1,2025-06-19 18:35:07
"1104706193","sasa06","浙江","犹豫好无辜哦，笑了",31,0,2025-06-19 17:03:24
"1931662360","历史长河向东流","黑龙江","想到马克思与爱恩斯坦，我细思极恐[doge_金箍]",3,2,2025-06-19 16:21:09
"872233","一兩儀一","山东","[doge]",1,0,2025-06-22 12:40:27
"17858498","决胜巅峰","吉林","真的不冤。",15,10,2025-06-19 16:55:50
